Workbook

Sheet Daily_Log
A1: Date | B1: Task Title | C1: To Do | D1: Priority | E1: Weight | F1: Start Time | G1: End Time | H1: Duration (Hours) | I1: Focus Score | J1: Status | K1: Notes
C2: =IFERROR(VLOOKUP(B2,KPI!A:B,2,FALSE),) -> 0 | D2: =IFERROR(VLOOKUP(B2,Task_Mapping!A:B,2,FALSE),) -> 0 | E2: =IFERROR(VLOOKUP(D2,Config!A:B,2,FALSE),) -> 0
C3: =IFERROR(VLOOKUP(B3,KPI!A:B,2,FALSE),) -> 0 | D3: =IFERROR(VLOOKUP(B3,Task_Mapping!A:B,2,FALSE),) -> 0 | E3: =IFERROR(VLOOKUP(D3,Config!A:B,2,FALSE),) -> 0 | H3: =((G3 - F3)*24) -> 0
C4: =IFERROR(VLOOKUP(B4,KPI!A:B,2,FALSE),) -> 0 | D4: =IFERROR(VLOOKUP(B4,Task_Mapping!A:B,2,FALSE),) -> 0 | E4: =IFERROR(VLOOKUP(D4,Config!A:B,2,FALSE),) -> 0 | H4: =((G4 - F4)*24) -> 0
C5: =IFERROR(VLOOKUP(B5,KPI!A:B,2,FALSE),) -> 0 | D5: =IFERROR(VLOOKUP(B5,Task_Mapping!A:B,2,FALSE),) -> 0 | E5: =IFERROR(VLOOKUP(D5,Config!A:B,2,FALSE),) -> 0 | H5: =((G5 - F5)*24) -> 0
C6: =IFERROR(VLOOKUP(B6,KPI!A:B,2,FALSE),) -> 0 | D6: =IFERROR(VLOOKUP(B6,Task_Mapping!A:B,2,FALSE),) -> 0 | E6: =IFERROR(VLOOKUP(D6,Config!A:B,2,FALSE),) -> 0 | H6: =((G6 - F6)*24) -> 0
C7: =IFERROR(VLOOKUP(B7,KPI!A:B,2,FALSE),) -> 0 | D7: =IFERROR(VLOOKUP(B7,Task_Mapping!A:B,2,FALSE),) -> 0 | E7: =IFERROR(VLOOKUP(D7,Config!A:B,2,FALSE),) -> 0 | H7: =((G7 - F7)*24) -> 0
C8: =IFERROR(VLOOKUP(B8,KPI!A:B,2,FALSE),) -> 0 | D8: =IFERROR(VLOOKUP(B8,Task_Mapping!A:B,2,FALSE),) -> 0 | E8: =IFERROR(VLOOKUP(D8,Config!A:B,2,FALSE),) -> 0 | H8: =((G8 - F8)*24) -> 0
C9: =IFERROR(VLOOKUP(B9,KPI!A:B,2,FALSE),) -> 0 | D9: =IFERROR(VLOOKUP(B9,Task_Mapping!A:B,2,FALSE),) -> 0 | E9: =IFERROR(VLOOKUP(D9,Config!A:B,2,FALSE),) -> 0 | H9: =((G9 - F9)*24) -> 0
C10: =IFERROR(VLOOKUP(B10,KPI!A:B,2,FALSE),) -> 0 | D10: =IFERROR(VLOOKUP(B10,Task_Mapping!A:B,2,FALSE),) -> 0 | E10: =IFERROR(VLOOKUP(D10,Config!A:B,2,FALSE),) -> 0 | H10: =((G10 - F10)*24) -> 0
C11: =IFERROR(VLOOKUP(B11,KPI!A:B,2,FALSE),) -> 0 | D11: =IFERROR(VLOOKUP(B11,Task_Mapping!A:B,2,FALSE),) -> 0 | E11: =IFERROR(VLOOKUP(D11,Config!A:B,2,FALSE),) -> 0 | H11: =((G11 - F11)*24) -> 0
C12: =IFERROR(VLOOKUP(B12,KPI!A:B,2,FALSE),) -> 0 | D12: =IFERROR(VLOOKUP(B12,Task_Mapping!A:B,2,FALSE),) -> 0 | E12: =IFERROR(VLOOKUP(D12,Config!A:B,2,FALSE),) -> 0 | H12: =((G12 - F12)*24) -> 0
C13: =IFERROR(VLOOKUP(B13,KPI!A:B,2,FALSE),) -> 0 | D13: =IFERROR(VLOOKUP(B13,Task_Mapping!A:B,2,FALSE),) -> 0 | E13: =IFERROR(VLOOKUP(D13,Config!A:B,2,FALSE),) -> 0 | H13: =((G13 - F13)*24) -> 0
C14: =IFERROR(VLOOKUP(B14,KPI!A:B,2,FALSE),) -> 0 | D14: =IFERROR(VLOOKUP(B14,Task_Mapping!A:B,2,FALSE),) -> 0 | E14: =IFERROR(VLOOKUP(D14,Config!A:B,2,FALSE),) -> 0 | H14: =((G14 - F14)*24) -> 0
... C202: =IFERROR(VLOOKUP(B202,KPI!A:B,2,FALSE),) -> 0 | D202: =IFERROR(VLOOKUP(B202,Task_Mapping!A:B,2,FALSE),) -> 0 | E202: =IFERROR(VLOOKUP(D202,Config!A:B,2,FALSE),) -> 0 | H202: =((G202 - F202)*24) -> 0

Sheet Task_Mapping
A1: Task Title | B1: Priority | C1: Quality | D1: Weight
A2: هماهنگی و نظارت بر تردد کارکنان و مراجعین | B2: ضروری (Essential) | C2: کنترل و ثبت 100٪ ورود و خروج کارکنان، مهمان‌ها و مراجعین مطابق ضوابط انضباطی | D2: 3
A3: مدیریت مأموریت و تردد تحصیلداران | B3: مهم (Important) | C3: برنامه‌ریزی 100٪ مأموریت‌ها و دریافت گزارش عملکرد در موعد مقرر بدون مورد معوق | D3: 2
A4: مدیریت امور حراست و نگهبانی | B4: فوری (Urgent) | C4: تنظیم شیفت‌ها و نظارت بر امنیت و انضباط با پوشش 100٪ ساعات کاری بدون رخداد امنیتی | D4: 4
A5: هماهنگی و نظارت بر خدمات عمومی و تشریفات سازمانی | B5: مهم (Important) | C5: اجرای 100٪ خدمات پذیرایی، جلسات و رویدادهای داخلی طبق برنامه و بدون نارضایتی ثبت‌شده | D5: 2
A6: نگهداری ساختمان و تأمین ملزومات | B6: ضروری (Essential) | C6: انجام سرویس‌های دوره‌ای و رفع 100٪ خرابی‌ها حداکثر تا 2 روز کاری و تأمین به‌موقع اقلام مصرفی | D6: 3
A7: مدیریت اموال و انبارداری | B7: ضروری (Essential) | C7: به‌روزرسانی 100٪ لیست اموال و رسیدگی به درخواست تجهیزات پرسنل در زمان مقرر بدون مغایرت موجودی | D7: 3
A8: پشتیبانی اداری و زیرساختی شعب | B8: مهم (Important) | C8: رسیدگی به 100٪ درخواست‌های زیرساختی و توسعه فضای فیزیکی شعب در چارچوب زمان‌بندی مصوب | D8: 2
A9: امور اداری پرسنل و ایستگاه‌های معاملاتی | B9: ضروری (Essential) | C9: انجام 100٪ هماهنگی‌های ورود و خروج پرسنل و اخذ/تمدید ایستگاه‌های معاملاتی در مهلت مقرر | D9: 3
A10: برنامه‌ریزی و پایش عملکرد تیم خدمات | B10: مهم (Important) | C10: ارزیابی دوره‌ای 100٪ کارکنان تیم و اجرای حداقل یک اقدام بهبود عملکرد در هر دوره ارزیابی | D10: 2
A11: کنترل بودجه و هزینه‌های پشتیبانی | B11: مهم (Important) | C11: برنامه ریزی هزینه‌های جاری در چارچوب بودجه مصوب و ارائه گزارش ماهانه بدون مغایرت مالی | D11: 2
A12: مدیریت ریسک‌های عملیاتی و ایمنی ساختمان | B12: ضروری (Essential) | C12: شناسایی و پایش 100٪ ریسک‌های ایمنی و اجرای اقدامات اصلاحی پیشگیرانه در زمان مقرر | D12: 3
A13: بهبود فرآیندهای خدمات و پشتیبانی | B13: قابل پیگیری (Follow-up) | C13: ارائه و اجرای حداقل یک پیشنهاد بهبود فرآیندی در هر فصل جهت افزایش بهره‌وری و کاهش هزینه‌ها | D13: 1

Sheet KPI
A1: Task Title | B1: Quality
A2: هماهنگی و نظارت بر تردد کارکنان و مراجعین | B2: کنترل و ثبت 100٪ ورود و خروج کارکنان، مهمان‌ها و مراجعین مطابق ضوابط انضباطی
A3: مدیریت مأموریت و تردد تحصیلداران | B3: برنامه‌ریزی 100٪ مأموریت‌ها و دریافت گزارش عملکرد در موعد مقرر بدون مورد معوق
A4: مدیریت امور حراست و نگهبانی | B4: تنظیم شیفت‌ها و نظارت بر امنیت و انضباط با پوشش 100٪ ساعات کاری بدون رخداد امنیتی
A5: هماهنگی و نظارت بر خدمات عمومی و تشریفات سازمانی | B5: اجرای 100٪ خدمات پذیرایی، جلسات و رویدادهای داخلی طبق برنامه و بدون نارضایتی ثبت‌شده
A6: نگهداری ساختمان و تأمین ملزومات | B6: انجام سرویس‌های دوره‌ای و رفع 100٪ خرابی‌ها حداکثر تا 2 روز کاری و تأمین به‌موقع اقلام مصرفی
A7: مدیریت اموال و انبارداری | B7: به‌روزرسانی 100٪ لیست اموال و رسیدگی به درخواست تجهیزات پرسنل در زمان مقرر بدون مغایرت موجودی
A8: پشتیبانی اداری و زیرساختی شعب | B8: رسیدگی به 100٪ درخواست‌های زیرساختی و توسعه فضای فیزیکی شعب در چارچوب زمان‌بندی مصوب
A9: امور اداری پرسنل و ایستگاه‌های معاملاتی | B9: انجام 100٪ هماهنگی‌های ورود و خروج پرسنل و اخذ/تمدید ایستگاه‌های معاملاتی در مهلت مقرر
A10: برنامه‌ریزی و پایش عملکرد تیم خدمات | B10: ارزیابی دوره‌ای 100٪ کارکنان تیم و اجرای حداقل یک اقدام بهبود عملکرد در هر دوره ارزیابی
A11: کنترل بودجه و هزینه‌های پشتیبانی | B11: برنامه ریزی هزینه‌های جاری در چارچوب بودجه مصوب و ارائه گزارش ماهانه بدون مغایرت مالی
A12: مدیریت ریسک‌های عملیاتی و ایمنی ساختمان | B12: شناسایی و پایش 100٪ ریسک‌های ایمنی و اجرای اقدامات اصلاحی پیشگیرانه در زمان مقرر
A13: بهبود فرآیندهای خدمات و پشتیبانی | B13: ارائه و اجرای حداقل یک پیشنهاد بهبود فرآیندی در هر فصل جهت افزایش بهره‌وری و کاهش هزینه‌ها

Sheet Dashboard
A1: Total Hours | B1: =SUM(Daily_Log!H3:H201) -> 0
A2: Total Focus Score | B2: =SUM(Daily_Log!I3:I201) -> 0
A3: Completed Tasks | B3: =COUNTIF(Daily_Log!J3:J201,"انجام شد") -> 0
A4: Average Focus per Task | B4: =IFERROR(B2/B3,0) -> 0

Sheet Config
A1: Priority | B1: Weight
A2: فوری (Urgent) | B2: 4
A3: ضروری (Essential) | B3: 3
A4: مهم (Important) | B4: 2
A5: قابل پیگیری (Follow-up) | B5: 1
